{"name": "PCG19-腾讯视频TV产品经理（深圳）", "link": "https://hr.tencent.com/position_detail.php?id=47340&keywords=&tid=0&lid=0", "class": "产品/项目类", "num": "1", "address": "深圳", "pub_date": "2019-01-27"},
{"name": "TEG05-品牌管理经理（深圳）", "link": "https://hr.tencent.com/position_detail.php?id=47341&keywords=&tid=0&lid=0", "class": "产品/项目类", "num": "1", "address": "深圳", "pub_date": "2019-01-27"},
{"name": "TEG05-高级安全策略工程师（深圳）", "link": "https://hr.tencent.com/position_detail.php?id=47342&keywords=&tid=0&lid=0", "class": "技术类", "num": "1", "address": "深圳", "pub_date": "2019-01-27"},
{"name": "27216-腾讯乘车码-客户端资深开发工程师", "link": "https://hr.tencent.com/position_detail.php?id=47343&keywords=&tid=0&lid=0", "class": "技术类", "num": "2", "address": "深圳", "pub_date": "2019-01-27"},
{"name": "25667-区域渠道销售经理（深圳/北京/上海）", "link": "https://hr.tencent.com/position_detail.php?id=47344&keywords=&tid=0&lid=0", "class": "市场类", "num": "3", "address": "深圳", "pub_date": "2019-01-27"},
{"name": "25667-渠道培训运营经理（北京、上海）", "link": "https://hr.tencent.com/position_detail.php?id=47345&keywords=&tid=0&lid=0", "class": "市场类", "num": "2", "address": "北京", "pub_date": "2019-01-27"},
{"name": "15605-动作RPG类手游商业化运营", "link": "https://hr.tencent.com/position_detail.php?id=47335&keywords=&tid=0&lid=0", "class": "产品/项目类", "num": "1", "address": "深圳", "pub_date": "2019-01-27"},
{"name": "15605-动作RPG类游戏运营数据分析", "link": "https://hr.tencent.com/position_detail.php?id=47336&keywords=&tid=0&lid=0", "class": "产品/项目类", "num": "1", "address": "深圳", "pub_date": "2019-01-27"},
{"name": "21527-腾讯音乐高级内部审计师（深圳）", "link": "https://hr.tencent.com/position_detail.php?id=47337&keywords=&tid=0&lid=0", "class": "职能类", "num": "4", "address": "深圳", "pub_date": "2019-01-27"},
{"name": "TME-腾讯音乐全民K歌UI视觉设计师（深圳）", "link": "https://hr.tencent.com/position_detail.php?id=47338&keywords=&tid=0&lid=0", "class": "设计类", "num": "2", "address": "深圳", "pub_date": "2019-01-27"},
{"name": "30624-腾讯广告行业拓展销售经理（深圳）", "link": "https://hr.tencent.com/position_detail.php?id=47339&keywords=&tid=0&lid=0", "class": "市场类", "num": "2", "address": "深圳", "pub_date": "2019-01-27"},
{"name": "15569-魂斗罗高级美术项目管理", "link": "https://hr.tencent.com/position_detail.php?id=47329&keywords=&tid=0&lid=0", "class": "产品/项目类", "num": "1", "address": "深圳", "pub_date": "2019-01-27"},
{"name": "27553-多媒体机器学习算法研究员", "link": "https://hr.tencent.com/position_detail.php?id=47330&keywords=&tid=0&lid=0", "class": "技术类", "num": "1", "address": "深圳", "pub_date": "2019-01-27"},
{"name": "18428-财付通平台组件测试工程师", "link": "https://hr.tencent.com/position_detail.php?id=47331&keywords=&tid=0&lid=0", "class": "技术类", "num": "1", "address": "深圳", "pub_date": "2019-01-27"},
{"name": "HGJ-Legal Counsel (Technology Transactions)", "link": "https://hr.tencent.com/position_detail.php?id=47332&keywords=&tid=0&lid=0", "class": "职能类", "num": "1", "address": "香港", "pub_date": "2019-01-27"},
{"name": "HGJ-Senior Legal Counsel (AML Advisory)", "link": "https://hr.tencent.com/position_detail.php?id=47333&keywords=&tid=0&lid=0", "class": "职能类", "num": "1", "address": "香港", "pub_date": "2019-01-27"},
{"name": "28604-211 微信支付中小商户产品经理（深圳/广州）", "link": "https://hr.tencent.com/position_detail.php?id=47324&keywords=&tid=0&lid=0", "class": "产品/项目类", "num": "1", "address": "深圳", "pub_date": "2019-01-27"},
{"name": "22989-腾讯云直播生态经理", "link": "https://hr.tencent.com/position_detail.php?id=47325&keywords=&tid=0&lid=0", "class": "产品/项目类", "num": "2", "address": "深圳", "pub_date": "2019-01-27"},
{"name": "22989-基础产品运营经理", "link": "https://hr.tencent.com/position_detail.php?id=47326&keywords=&tid=0&lid=0", "class": "产品/项目类", "num": "2", "address": "深圳", "pub_date": "2019-01-27"},
{"name": "18796-平台运营经理(深圳)", "link": "https://hr.tencent.com/position_detail.php?id=47327&keywords=&tid=0&lid=0", "class": "产品/项目类", "num": "3", "address": "深圳", "pub_date": "2019-01-27"},
{"name": "18796-渠道运营经理（深圳）", "link": "https://hr.tencent.com/position_detail.php?id=47328&keywords=&tid=0&lid=0", "class": "产品/项目类", "num": "1", "address": "深圳", "pub_date": "2019-01-27"},
{"name": "CSIG07-基础安全威胁情报分析师", "link": "https://hr.tencent.com/position_detail.php?id=47318&keywords=&tid=0&lid=0", "class": "技术类", "num": "4", "address": "深圳", "pub_date": "2019-01-27"},
{"name": "CSIG07-业务威胁情报分析师", "link": "https://hr.tencent.com/position_detail.php?id=47319&keywords=&tid=0&lid=0", "class": "技术类", "num": "1", "address": "深圳", "pub_date": "2019-01-27"},
{"name": "CSIG07-业务威胁情报分析师", "link": "https://hr.tencent.com/position_detail.php?id=47320&keywords=&tid=0&lid=0", "class": "技术类", "num": "2", "address": "深圳", "pub_date": "2019-01-27"},
{"name": "PCG04-测试leader（深圳）", "link": "https://hr.tencent.com/position_detail.php?id=47321&keywords=&tid=0&lid=0", "class": "技术类", "num": "1", "address": "深圳", "pub_date": "2019-01-27"},
{"name": "28603-122 业务系统工业化nlp高级工程师（深圳）", "link": "https://hr.tencent.com/position_detail.php?id=47322&keywords=&tid=0&lid=0", "class": "技术类", "num": "1", "address": "深圳", "pub_date": "2019-01-27"},
{"name": "28604-211 微信支付中小商户高级产品经理（深圳/广州）", "link": "https://hr.tencent.com/position_detail.php?id=47323&keywords=&tid=0&lid=0", "class": "产品/项目类", "num": "1", "address": "深圳", "pub_date": "2019-01-27"},
{"name": "15614-客户端高级工程师（上海）", "link": "https://hr.tencent.com/position_detail.php?id=47313&keywords=&tid=0&lid=0", "class": "技术类", "num": "1", "address": "上海", "pub_date": "2019-01-27"},
{"name": "27087-青腾大学高级品牌公关经理", "link": "https://hr.tencent.com/position_detail.php?id=47314&keywords=&tid=0&lid=0", "class": "市场类", "num": "1", "address": "深圳", "pub_date": "2019-01-27"},
{"name": "25926-游戏客户端安全工程师", "link": "https://hr.tencent.com/position_detail.php?id=47315&keywords=&tid=0&lid=0", "class": "技术类", "num": "1", "address": "深圳", "pub_date": "2019-01-27"},
{"name": "28481-医疗应用开发高级工程师（深圳）", "link": "https://hr.tencent.com/position_detail.php?id=47316&keywords=&tid=0&lid=0", "class": "技术类", "num": "1", "address": "深圳", "pub_date": "2019-01-27"},
{"name": "25925-数据挖掘工程师", "link": "https://hr.tencent.com/position_detail.php?id=47317&keywords=&tid=0&lid=0", "class": "技术类", "num": "2", "address": "深圳", "pub_date": "2019-01-27"},
{"name": "AQ-安全品牌经理（深圳）", "link": "https://hr.tencent.com/position_detail.php?id=47308&keywords=&tid=0&lid=0", "class": "市场类", "num": "2", "address": "深圳", "pub_date": "2019-01-27"},
{"name": "AQ-安全品牌经理（北京）", "link": "https://hr.tencent.com/position_detail.php?id=47309&keywords=&tid=0&lid=0", "class": "市场类", "num": "1", "address": "北京", "pub_date": "2019-01-27"},
{"name": "PCG04-短视频高级测试开发工程师（深圳）", "link": "https://hr.tencent.com/position_detail.php?id=47310&keywords=&tid=0&lid=0", "class": "技术类", "num": "1", "address": "深圳", "pub_date": "2019-01-27"},
{"name": "PCG04-测试开发高级工程师（深圳）", "link": "https://hr.tencent.com/position_detail.php?id=47311&keywords=&tid=0&lid=0", "class": "技术类", "num": "1", "address": "深圳", "pub_date": "2019-01-27"},
{"name": "15614-天刀3D游戏动画设计师（上海）", "link": "https://hr.tencent.com/position_detail.php?id=47312&keywords=&tid=0&lid=0", "class": "设计类", "num": "1", "address": "上海", "pub_date": "2019-01-27"},
{"name": "22989-域名与DNS项目经理（广州）", "link": "https://hr.tencent.com/position_detail.php?id=47302&keywords=&tid=0&lid=0", "class": "产品/项目类", "num": "1", "address": "广州", "pub_date": "2019-01-27"},
{"name": "28096-腾讯音乐商业化广告高级产品经理（深圳）", "link": "https://hr.tencent.com/position_detail.php?id=47303&keywords=&tid=0&lid=0", "class": "产品/项目类", "num": "1", "address": "深圳", "pub_date": "2019-01-27"},
{"name": "22989-运营开发工程师", "link": "https://hr.tencent.com/position_detail.php?id=47304&keywords=&tid=0&lid=0", "class": "技术类", "num": "3", "address": "深圳", "pub_date": "2019-01-27"},
